-- --------------------------------------------------------
-- Host:                         127.0.0.1
-- Server version:               10.4.32-MariaDB - mariadb.org binary distribution
-- Server OS:                    Win64
-- HeidiSQL Version:             12.6.0.6765
-- --------------------------------------------------------

/*!40101 SET @OLD_CHARACTER_SET_CLIENT=@@CHARACTER_SET_CLIENT */;
/*!40101 SET NAMES utf8 */;
/*!50503 SET NAMES utf8mb4 */;
/*!40103 SET @OLD_TIME_ZONE=@@TIME_ZONE */;
/*!40103 SET TIME_ZONE='+00:00' */;
/*!40014 SET @OLD_FOREIGN_KEY_CHECKS=@@FOREIGN_KEY_CHECKS, FOREIGN_KEY_CHECKS=0 */;
/*!40101 SET @OLD_SQL_MODE=@@SQL_MODE, SQL_MODE='NO_AUTO_VALUE_ON_ZERO' */;
/*!40111 SET @OLD_SQL_NOTES=@@SQL_NOTES, SQL_NOTES=0 */;


-- Dumping database structure for uts
DROP DATABASE IF EXISTS `uts`;
CREATE DATABASE IF NOT EXISTS `uts` /*!40100 DEFAULT CHARACTER SET utf8mb4 COLLATE utf8mb4_general_ci */;
USE `uts`;

-- Dumping structure for table uts.card
DROP TABLE IF EXISTS `card`;
CREATE TABLE IF NOT EXISTS `card` (
  `*cardnumber` int(11) NOT NULL,
  `customerid` int(11) NOT NULL,
  `amount` int(11) NOT NULL,
  `pin` varchar(50) DEFAULT NULL,
  `registerdate` date NOT NULL,
  `lastdateused` date NOT NULL,
  `expireddate` date NOT NULL,
  PRIMARY KEY (`*cardnumber`),
  KEY `FK_card_customer` (`customerid`),
  CONSTRAINT `FK_card_customer` FOREIGN KEY (`customerid`) REFERENCES `customer` (`*id`) ON DELETE NO ACTION ON UPDATE NO ACTION
) ENGINE=InnoDB DEFAULT CHARSET=utf8mb4 COLLATE=utf8mb4_general_ci;

-- Dumping data for table uts.card: ~53 rows (approximately)
INSERT INTO `card` (`*cardnumber`, `customerid`, `amount`, `pin`, `registerdate`, `lastdateused`, `expireddate`) VALUES
	(100000001, 1, 25000, '1234', '2024-01-01', '2024-02-01', '2024-12-31'),
	(100000002, 2, 30000, '2345', '2024-01-02', '2024-02-02', '2024-12-30'),
	(100000003, 3, 45000, '3456', '2024-01-03', '2024-02-03', '2024-12-29'),
	(100000004, 4, 32000, '4567', '2024-01-04', '2024-02-04', '2024-12-28'),
	(100000005, 5, 21000, '5678', '2024-01-05', '2024-02-05', '2024-12-27'),
	(100000006, 6, 29000, '6789', '2024-01-06', '2024-02-06', '2024-12-26'),
	(100000007, 7, 47000, '7890', '2024-01-07', '2024-02-07', '2024-12-25'),
	(100000008, 8, 35000, '8901', '2024-01-08', '2024-02-08', '2024-12-24'),
	(100000009, 9, 33000, '9012', '2024-01-09', '2024-02-09', '2024-12-23'),
	(100000010, 10, 28000, '123', '2024-01-10', '2024-02-10', '2024-12-22'),
	(100000011, 11, 39000, '1230', '2024-01-11', '2024-02-11', '2024-12-21'),
	(100000012, 12, 37000, '2340', '2024-01-12', '2024-02-12', '2024-12-20'),
	(100000013, 13, 31000, '3450', '2024-01-13', '2024-02-13', '2024-12-19'),
	(100000014, 14, 26000, '4560', '2024-01-14', '2024-02-14', '2024-12-18'),
	(100000015, 15, 22000, '5670', '2024-01-15', '2024-02-15', '2024-12-17'),
	(100000016, 16, 34000, '6780', '2024-01-16', '2024-02-16', '2024-12-16'),
	(100000017, 17, 45000, '7891', '2024-01-17', '2024-02-17', '2024-12-15'),
	(100000018, 18, 29000, '8902', '2024-01-18', '2024-02-18', '2024-12-14'),
	(100000019, 19, 31000, '9013', '2024-01-19', '2024-02-19', '2024-12-13'),
	(100000020, 20, 25000, '124', '2024-01-20', '2024-02-20', '2024-12-12'),
	(100000021, 21, 33000, '1231', '2024-01-21', '2024-02-21', '2024-12-11'),
	(100000022, 22, 41000, '2341', '2024-01-22', '2024-02-22', '2024-12-10'),
	(100000023, 23, 27000, '3451', '2024-01-23', '2024-02-23', '2024-12-09'),
	(100000024, 24, 35000, '4561', '2024-01-24', '2024-02-24', '2024-12-08'),
	(100000025, 25, 39000, '5671', '2024-01-25', '2024-02-25', '2024-12-07'),
	(100000026, 26, 28000, '6781', '2024-01-26', '2024-02-26', '2024-12-06'),
	(100000027, 27, 32000, '7892', '2024-01-27', '2024-02-27', '2024-12-05'),
	(100000028, 28, 44000, '8903', '2024-01-28', '2024-02-28', '2024-12-04'),
	(100000029, 29, 31000, '9014', '2024-01-29', '2024-02-29', '2024-12-03'),
	(100000030, 30, 30000, '125', '2024-01-30', '2024-03-01', '2024-12-02'),
	(100000031, 31, 27000, '1232', '2024-01-31', '2024-03-02', '2024-12-01'),
	(100000032, 32, 42000, '2342', '2024-02-01', '2024-03-03', '2024-11-30'),
	(100000033, 33, 37000, '3452', '2024-02-02', '2024-03-04', '2024-11-29'),
	(100000034, 34, 25000, '4562', '2024-02-03', '2024-03-05', '2024-11-28'),
	(100000035, 35, 34000, '5672', '2024-02-04', '2024-03-06', '2024-11-27'),
	(100000036, 36, 30000, '6782', '2024-02-05', '2024-03-07', '2024-11-26'),
	(100000037, 37, 41000, '7893', '2024-02-06', '2024-03-08', '2024-11-25'),
	(100000038, 38, 27000, '8904', '2024-02-07', '2024-03-09', '2024-11-24'),
	(100000039, 39, 29000, '9015', '2024-02-08', '2024-03-10', '2024-11-23'),
	(100000040, 40, 33000, '126', '2024-02-09', '2024-03-11', '2024-11-22'),
	(100000041, 41, 38000, '1233', '2024-02-10', '2024-03-12', '2024-11-21'),
	(100000042, 42, 35000, '2343', '2024-02-11', '2024-03-13', '2024-11-20'),
	(100000043, 43, 32000, '3453', '2024-02-12', '2024-03-14', '2024-11-19'),
	(100000044, 44, 28000, '4563', '2024-02-13', '2024-03-15', '2024-11-18'),
	(100000045, 45, 36000, '5673', '2024-02-14', '2024-03-16', '2024-11-17'),
	(100000046, 46, 41000, '6783', '2024-02-15', '2024-03-17', '2024-11-16'),
	(100000047, 47, 30000, '7894', '2024-02-16', '2024-03-18', '2024-11-15'),
	(100000048, 48, 34000, '8905', '2024-02-17', '2024-03-19', '2024-11-14'),
	(100000049, 49, 33000, '9016', '2024-02-18', '2024-03-20', '2024-11-13'),
	(100000050, 50, 32000, '127', '2024-02-19', '2024-03-21', '2024-11-12'),
	(100000051, 51, 38000, '1234', '2024-02-20', '2024-03-22', '2024-11-11'),
	(100000052, 52, 37000, '2344', '2024-02-21', '2024-03-23', '2024-11-10'),
	(100000053, 53, 26000, '3454', '2024-02-22', '2024-03-24', '2024-11-09');

-- Dumping structure for table uts.cashier
DROP TABLE IF EXISTS `cashier`;
CREATE TABLE IF NOT EXISTS `cashier` (
  `*id` int(11) NOT NULL AUTO_INCREMENT,
  `name` varchar(30) NOT NULL,
  `age` tinyint(4) NOT NULL,
  `gender` varchar(10) NOT NULL,
  `address` varchar(40) DEFAULT NULL,
  `phone` varchar(20) DEFAULT NULL,
  `email` varchar(30) DEFAULT NULL,
  `password` varchar(20) DEFAULT NULL,
  `datecreated` date NOT NULL,
  PRIMARY KEY (`*id`)
) ENGINE=InnoDB AUTO_INCREMENT=76 DEFAULT CHARSET=utf8mb4 COLLATE=utf8mb4_general_ci;

-- Dumping data for table uts.cashier: ~75 rows (approximately)
INSERT INTO `cashier` (`*id`, `name`, `age`, `gender`, `address`, `phone`, `email`, `password`, `datecreated`) VALUES
	(1, 'John Doe', 30, 'Male', '123 Maple Street', '555-1234', 'john.doe@example.com', '54321', '2023-09-15'),
	(2, 'Jane Smith', 25, 'Female', '456 Oak Avenue', '555-5678', 'jane.smith@example.com', '54322', '2023-07-28'),
	(3, 'Alice Johnson', 28, 'Female', '789 Pine Lane', '555-8765', 'alice.johnson@example.com', '54323', '2023-05-10'),
	(4, 'Bob Brown', 35, 'Male', '321 Birch Road', '555-4321', 'bob.brown@example.com', '54324', '2023-11-03'),
	(5, 'Charlie Davis', 40, 'Male', '654 Cedar Drive', '555-6789', 'charlie.davis@example.com', '54325', '2023-08-21'),
	(6, 'Emily Wilson', 22, 'Female', '111 Elm Street', '555-1111', 'emily.wilson@example.com', '54326', '2023-10-30'),
	(7, 'David Martinez', 27, 'Male', '222 Spruce Avenue', '555-2222', 'david.martinez@example.com', '54327', '2023-06-17'),
	(8, 'Sarah Lee', 31, 'Female', '333 Willow Lane', '555-3333', 'sarah.lee@example.com', '54328', '2023-04-12'),
	(9, 'Michael Garcia', 36, 'Male', '444 Pine Circle', '555-4444', 'michael.garcia@example.com', '54329', '2023-12-05'),
	(10, 'Olivia Harris', 29, 'Female', '555 Birch Road', '555-5555', 'olivia.harris@example.com', '54330', '2023-03-08'),
	(11, 'Liam Clark', 32, 'Male', '666 Maple Avenue', '555-6666', 'liam.clark@example.com', '54331', '2023-02-19'),
	(12, 'Sophia Lewis', 24, 'Female', '777 Oak Street', '555-7777', 'sophia.lewis@example.com', '54332', '2023-01-22'),
	(13, 'James Robinson', 38, 'Male', '888 Cedar Lane', '555-8888', 'james.robinson@example.com', '54333', '2023-07-11'),
	(14, 'Ava Walker', 26, 'Female', '999 Pine Drive', '555-9999', 'ava.walker@example.com', '54334', '2023-09-29'),
	(15, 'Isabella Hall', 34, 'Female', '101 Elm Circle', '555-1010', 'isabella.hall@example.com', '54335', '2023-10-02'),
	(16, 'Benjamin Young', 37, 'Male', '102 Spruce Road', '555-2020', 'benjamin.young@example.com', '54336', '2023-06-08'),
	(17, 'Mia Hernandez', 23, 'Female', '103 Willow Avenue', '555-3030', 'mia.hernandez@example.com', '54337', '2023-08-14'),
	(18, 'Lucas King', 29, 'Male', '104 Pine Street', '555-4040', 'lucas.king@example.com', '54338', '2023-11-20'),
	(19, 'Amelia Scott', 33, 'Female', '105 Birch Lane', '555-5050', 'amelia.scott@example.com', '54339', '2023-12-30'),
	(20, 'Ethan Green', 28, 'Male', '106 Maple Drive', '555-6060', 'ethan.green@example.com', '54340', '2023-04-25'),
	(21, 'Harper Adams', 31, 'Female', '107 Oak Circle', '555-7070', 'harper.adams@example.com', '54341', '2023-02-14'),
	(22, 'Mason Baker', 30, 'Male', '108 Cedar Road', '555-8080', 'mason.baker@example.com', '54342', '2023-05-07'),
	(23, 'Evelyn Gonzalez', 27, 'Female', '109 Pine Avenue', '555-9090', 'evelyn.gonzalez@example.com', '54343', '2023-07-01'),
	(24, 'Logan Perez', 25, 'Male', '110 Elm Street', '555-1001', 'logan.perez@example.com', '54344', '2023-10-18'),
	(25, 'Aria Mitchell', 26, 'Female', '111 Spruce Circle', '555-1002', 'aria.mitchell@example.com', '54345', '2023-09-06'),
	(26, 'Jacob Carter', 29, 'Male', '112 Willow Road', '555-1003', 'jacob.carter@example.com', '54346', '2023-11-29'),
	(27, 'Avery Phillips', 32, 'Female', '113 Pine Lane', '555-1004', 'avery.phillips@example.com', '54347', '2023-01-05'),
	(28, 'William Evans', 35, 'Male', '114 Birch Avenue', '555-1005', 'william.evans@example.com', '54348', '2023-06-26'),
	(29, 'Ella Turner', 24, 'Female', '115 Maple Street', '555-1006', 'ella.turner@example.com', '54349', '2023-08-09'),
	(30, 'Sebastian Parker', 33, 'Male', '116 Oak Road', '555-1007', 'sebastian.parker@example.com', '54350', '2023-12-24'),
	(31, 'Victoria Collins', 28, 'Female', '117 Cedar Lane', '555-1008', 'victoria.collins@example.com', '54351', '2023-03-11'),
	(32, 'Jack Edwards', 31, 'Male', '118 Pine Street', '555-1009', 'jack.edwards@example.com', '54352', '2023-05-19'),
	(33, 'Grace Stewart', 30, 'Female', '119 Elm Circle', '555-1010', 'grace.stewart@example.com', '54353', '2023-10-10'),
	(34, 'Henry Morris', 26, 'Male', '120 Spruce Road', '555-1011', 'henry.morris@example.com', '54354', '2023-02-27'),
	(35, 'Scarlett Rogers', 27, 'Female', '121 Willow Avenue', '555-1012', 'scarlett.rogers@example.com', '54355', '2023-07-04'),
	(36, 'Daniel Murphy', 34, 'Male', '122 Pine Lane', '555-1013', 'daniel.murphy@example.com', '54356', '2023-09-17'),
	(37, 'Chloe Cook', 29, 'Female', '123 Birch Street', '555-1014', 'chloe.cook@example.com', '54357', '2023-11-25'),
	(38, 'Matthew Bell', 32, 'Male', '124 Maple Road', '555-1015', 'matthew.bell@example.com', '54358', '2023-04-28'),
	(39, 'Zoey Bailey', 25, 'Female', '125 Oak Circle', '555-1016', 'zoey.bailey@example.com', '54359', '2023-06-01'),
	(40, 'Joseph Rivera', 31, 'Male', '126 Cedar Avenue', '555-1017', 'joseph.rivera@example.com', '54360', '2023-01-14'),
	(41, 'Riley Cooper', 28, 'Female', '127 Pine Lane', '555-1018', 'riley.cooper@example.com', '54361', '2023-08-02'),
	(42, 'David Richardson', 36, 'Male', '128 Elm Street', '555-1019', 'david.richardson@example.com', '54362', '2023-10-15'),
	(43, 'Lily Sanchez', 24, 'Female', '129 Spruce Circle', '555-1020', 'lily.sanchez@example.com', '54363', '2023-12-21'),
	(44, 'Samuel Howard', 33, 'Male', '130 Willow Road', '555-1021', 'samuel.howard@example.com', '54364', '2023-05-26'),
	(45, 'Hannah Ward', 27, 'Female', '131 Pine Avenue', '555-1022', 'hannah.ward@example.com', '54365', '2023-03-02'),
	(46, 'Gabriel Martinez', 29, 'Male', '132 Birch Lane', '555-1023', 'gabriel.martinez@example.com', '54366', '2023-07-22'),
	(47, 'Aubrey Butler', 26, 'Female', '133 Maple Street', '555-1024', 'aubrey.butler@example.com', '54367', '2023-09-03'),
	(48, 'Carter James', 30, 'Male', '134 Oak Road', '555-1025', 'carter.james@example.com', '54368', '2023-11-28'),
	(49, 'Penelope Watson', 32, 'Female', '135 Cedar Circle', '555-1026', 'penelope.watson@example.com', '54369', '2023-02-09'),
	(50, 'Luke Brooks', 28, 'Male', '136 Pine Street', '555-1027', 'luke.brooks@example.com', '54370', '2023-06-13'),
	(51, 'Layla Perry', 25, 'Female', '137 Elm Road', '555-1028', 'layla.perry@example.com', '54371', '2023-08-26'),
	(52, 'Wyatt Long', 29, 'Male', '138 Spruce Avenue', '555-1029', 'wyatt.long@example.com', '54372', '2023-12-07'),
	(53, 'Avery Foster', 31, 'Female', '139 Willow Circle', '555-1030', 'avery.foster@example.com', '54373', '2023-04-01'),
	(54, 'Dylan Powell', 26, 'Male', '140 Pine Lane', '555-1031', 'dylan.powell@example.com', '54374', '2023-01-18'),
	(55, 'Natalie Patterson', 28, 'Female', '141 Birch Road', '555-1032', 'natalie.patterson@example.com', '54375', '2023-05-15'),
	(56, 'Nathan Hughes', 32, 'Male', '142 Maple Avenue', '555-1033', 'nathan.hughes@example.com', '54376', '2023-07-30'),
	(57, 'Addison Flores', 27, 'Female', '143 Oak Circle', '555-1034', 'addison.flores@example.com', '54377', '2023-10-23'),
	(58, 'Isaac Price', 30, 'Male', '144 Cedar Street', '555-1035', 'isaac.price@example.com', '54378', '2023-09-12'),
	(59, 'Leah Sanders', 25, 'Female', '145 Pine Road', '555-1036', 'leah.sanders@example.com', '54379', '2023-03-19'),
	(60, 'Joshua Ross', 29, 'Male', '146 Elm Avenue', '555-1037', 'joshua.ross@example.com', '54380', '2023-11-14'),
	(61, 'Stella Morales', 26, 'Female', '147 Spruce Circle', '555-1038', 'stella.morales@example.com', '54381', '2023-02-03'),
	(62, 'Andrew Reed', 31, 'Male', '148 Willow Road', '555-1039', 'andrew.reed@example.com', '54382', '2023-06-06'),
	(63, 'Mila Rogers', 27, 'Female', '149 Pine Lane', '555-1040', 'mila.rogers@example.com', '54383', '2023-08-31'),
	(64, 'Caleb Diaz', 30, 'Male', '150 Birch Street', '555-1041', 'caleb.diaz@example.com', '54384', '2023-12-26'),
	(65, 'Sophie Jenkins', 13, 'Female', '151 Elm Road', '555-1042', 'sophie.jenkins@example.com', '54385', '2023-04-09'),
	(66, 'Landon Fisher', 14, 'Male', '152 Spruce Avenue', '555-1043', 'landon.fisher@example.com', '54386', '2023-01-26'),
	(67, 'Brooklyn Ortiz', 15, 'Female', '153 Willow Circle', '555-1044', 'brooklyn.ortiz@example.com', '54387', '2023-05-20'),
	(68, 'Julian Torres', 16, 'Male', '154 Pine Lane', '555-1045', 'julian.torres@example.com', '54388', '2023-07-15'),
	(69, 'Nora Peterson', 17, 'Female', '155 Birch Road', '555-1046', 'nora.peterson@example.com', '54389', '2023-10-10'),
	(70, 'Ryan Gray', 18, 'Male', '156 Maple Avenue', '555-1047', 'ryan.gray@example.com', '54390', '2023-09-01'),
	(71, 'Hazel Ramirez', 19, 'Female', '157 Oak Circle', '555-1048', 'hazel.ramirez@example.com', '54391', '2023-09-02'),
	(72, 'Cameron Perry', 20, 'Male', '158 Cedar Street', '555-1049', 'cameron.perry@example.com', '54392', '2023-09-03'),
	(73, 'Paisley Coleman', 21, 'Female', '159 Pine Road', '555-1050', 'paisley.coleman@example.com', '54393', '2023-09-04'),
	(74, 'Hunter Butler', 69, 'Male', '160 Elm Avenue', '555-1051', 'hunter.butler@example.com', '54394', '2023-09-05'),
	(75, 'Nolan Henderson', 70, 'Male', '161 Spruce Circle', '555-1052', 'nolan.henderson@example.com', '54395', '2023-09-06');

-- Dumping structure for table uts.customer
DROP TABLE IF EXISTS `customer`;
CREATE TABLE IF NOT EXISTS `customer` (
  `*id` int(11) NOT NULL AUTO_INCREMENT,
  `name` varchar(20) NOT NULL,
  `age` int(11) NOT NULL DEFAULT 0,
  `gender` varchar(11) NOT NULL,
  `address` varchar(30) DEFAULT NULL,
  `phone` varchar(20) DEFAULT NULL,
  `email` varchar(30) NOT NULL,
  PRIMARY KEY (`*id`)
) ENGINE=InnoDB AUTO_INCREMENT=838 DEFAULT CHARSET=utf8mb4 COLLATE=utf8mb4_general_ci;

-- Dumping data for table uts.customer: ~75 rows (approximately)
INSERT INTO `customer` (`*id`, `name`, `age`, `gender`, `address`, `phone`, `email`) VALUES
	(1, 'John Doe', 30, 'Male', '123 Maple Street', '555-1234', 'john.doe@example.com'),
	(2, 'Jane Smith', 25, 'Female', '456 Oak Avenue', '555-5678', 'jane.smith@example.com'),
	(3, 'Alice Johnson', 28, 'Female', '789 Pine Lane', '555-8765', 'alice.johnson@example.com'),
	(4, 'Bob Brown', 35, 'Male', '321 Birch Road', '555-4321', 'bob.brown@example.com'),
	(5, 'Charlie Davis', 40, 'Male', '654 Cedar Drive', '555-6789', 'charlie.davis@example.com'),
	(6, 'Emily Wilson', 22, 'Female', '111 Elm Street', '555-1111', 'emily.wilson@example.com'),
	(7, 'David Martinez', 27, 'Male', '222 Spruce Avenue', '555-2222', 'david.martinez@example.com'),
	(8, 'Sarah Lee', 31, 'Female', '333 Willow Lane', '555-3333', 'sarah.lee@example.com'),
	(9, 'Michael Garcia', 36, 'Male', '444 Pine Circle', '555-4444', 'michael.garcia@example.com'),
	(10, 'Olivia Harris', 29, 'Female', '555 Birch Road', '555-5555', 'olivia.harris@example.com'),
	(11, 'Liam Clark', 32, 'Male', '666 Maple Avenue', '555-6666', 'liam.clark@example.com'),
	(12, 'Sophia Lewis', 24, 'Female', '777 Oak Street', '555-7777', 'sophia.lewis@example.com'),
	(13, 'James Robinson', 38, 'Male', '888 Cedar Lane', '555-8888', 'james.robinson@example.com'),
	(14, 'Ava Walker', 26, 'Female', '999 Pine Drive', '555-9999', 'ava.walker@example.com'),
	(15, 'Isabella Hall', 34, 'Female', '101 Elm Circle', '555-1010', 'isabella.hall@example.com'),
	(16, 'Benjamin Young', 37, 'Male', '102 Spruce Road', '555-2020', 'benjamin.young@example.com'),
	(17, 'Mia Hernandez', 23, 'Female', '103 Willow Avenue', '555-3030', 'mia.hernandez@example.com'),
	(18, 'Lucas King', 29, 'Male', '104 Pine Street', '555-4040', 'lucas.king@example.com'),
	(19, 'Amelia Scott', 33, 'Female', '105 Birch Lane', '555-5050', 'amelia.scott@example.com'),
	(20, 'Ethan Green', 28, 'Male', '106 Maple Drive', '555-6060', 'ethan.green@example.com'),
	(21, 'Harper Adams', 31, 'Female', '107 Oak Circle', '555-7070', 'harper.adams@example.com'),
	(22, 'Mason Baker', 30, 'Male', '108 Cedar Road', '555-8080', 'mason.baker@example.com'),
	(23, 'Evelyn Gonzalez', 27, 'Female', '109 Pine Avenue', '555-9090', 'evelyn.gonzalez@example.com'),
	(24, 'Logan Perez', 25, 'Male', '110 Elm Street', '555-1001', 'logan.perez@example.com'),
	(25, 'Aria Mitchell', 26, 'Female', '111 Spruce Circle', '555-1002', 'aria.mitchell@example.com'),
	(26, 'Jacob Carter', 29, 'Male', '112 Willow Road', '555-1003', 'jacob.carter@example.com'),
	(27, 'Avery Phillips', 32, 'Female', '113 Pine Lane', '555-1004', 'avery.phillips@example.com'),
	(28, 'William Evans', 35, 'Male', '114 Birch Avenue', '555-1005', 'william.evans@example.com'),
	(29, 'Ella Turner', 24, 'Female', '115 Maple Street', '555-1006', 'ella.turner@example.com'),
	(30, 'Sebastian Parker', 33, 'Male', '116 Oak Road', '555-1007', 'sebastian.parker@example.com'),
	(31, 'Victoria Collins', 28, 'Female', '117 Cedar Lane', '555-1008', 'victoria.collins@example.com'),
	(32, 'Jack Edwards', 31, 'Male', '118 Pine Street', '555-1009', 'jack.edwards@example.com'),
	(33, 'Grace Stewart', 30, 'Female', '119 Elm Circle', '555-1010', 'grace.stewart@example.com'),
	(34, 'Henry Morris', 26, 'Male', '120 Spruce Road', '555-1011', 'henry.morris@example.com'),
	(35, 'Scarlett Rogers', 27, 'Female', '121 Willow Avenue', '555-1012', 'scarlett.rogers@example.com'),
	(36, 'Daniel Murphy', 34, 'Male', '122 Pine Lane', '555-1013', 'daniel.murphy@example.com'),
	(37, 'Chloe Cook', 29, 'Female', '123 Birch Street', '555-1014', 'chloe.cook@example.com'),
	(38, 'Matthew Bell', 32, 'Male', '124 Maple Road', '555-1015', 'matthew.bell@example.com'),
	(39, 'Zoey Bailey', 25, 'Female', '125 Oak Circle', '555-1016', 'zoey.bailey@example.com'),
	(40, 'Joseph Rivera', 31, 'Male', '126 Cedar Avenue', '555-1017', 'joseph.rivera@example.com'),
	(41, 'Riley Cooper', 28, 'Female', '127 Pine Lane', '555-1018', 'riley.cooper@example.com'),
	(42, 'David Richardson', 36, 'Male', '128 Elm Street', '555-1019', 'david.richardson@example.com'),
	(43, 'Lily Sanchez', 24, 'Female', '129 Spruce Circle', '555-1020', 'lily.sanchez@example.com'),
	(44, 'Samuel Howard', 33, 'Male', '130 Willow Road', '555-1021', 'samuel.howard@example.com'),
	(45, 'Hannah Ward', 27, 'Female', '131 Pine Avenue', '555-1022', 'hannah.ward@example.com'),
	(46, 'Gabriel Martinez', 29, 'Male', '132 Birch Lane', '555-1023', 'gabriel.martinez@example.com'),
	(47, 'Aubrey Butler', 26, 'Female', '133 Maple Street', '555-1024', 'aubrey.butler@example.com'),
	(48, 'Carter James', 30, 'Male', '134 Oak Road', '555-1025', 'carter.james@example.com'),
	(49, 'Penelope Watson', 32, 'Female', '135 Cedar Circle', '555-1026', 'penelope.watson@example.com'),
	(50, 'Luke Brooks', 28, 'Male', '136 Pine Street', '555-1027', 'luke.brooks@example.com'),
	(51, 'Layla Perry', 25, 'Female', '137 Elm Road', '555-1028', 'layla.perry@example.com'),
	(52, 'Wyatt Long', 29, 'Male', '138 Spruce Avenue', '555-1029', 'wyatt.long@example.com'),
	(53, 'Avery Foster', 31, 'Female', '139 Willow Circle', '555-1030', 'avery.foster@example.com'),
	(54, 'Dylan Powell', 26, 'Male', '140 Pine Lane', '555-1031', 'dylan.powell@example.com'),
	(55, 'Natalie Patterson', 28, 'Female', '141 Birch Road', '555-1032', 'natalie.patterson@example.com'),
	(56, 'Nathan Hughes', 32, 'Male', '142 Maple Avenue', '555-1033', 'nathan.hughes@example.com'),
	(57, 'Addison Flores', 27, 'Female', '143 Oak Circle', '555-1034', 'addison.flores@example.com'),
	(58, 'Isaac Price', 30, 'Male', '144 Cedar Street', '555-1035', 'isaac.price@example.com'),
	(59, 'Leah Sanders', 25, 'Female', '145 Pine Road', '555-1036', 'leah.sanders@example.com'),
	(60, 'Joshua Ross', 29, 'Male', '146 Elm Avenue', '555-1037', 'joshua.ross@example.com'),
	(61, 'Stella Morales', 26, 'Female', '147 Spruce Circle', '555-1038', 'stella.morales@example.com'),
	(62, 'Andrew Reed', 31, 'Male', '148 Willow Road', '555-1039', 'andrew.reed@example.com'),
	(63, 'Mila Rogers', 27, 'Female', '149 Pine Lane', '555-1040', 'mila.rogers@example.com'),
	(64, 'Caleb Diaz', 30, 'Male', '150 Birch Street', '555-1041', 'caleb.diaz@example.com'),
	(65, 'Sophie Jenkins', 13, 'Female', '151 Elm Road', '555-1042', 'sophie.jenkins@example.com'),
	(66, 'Landon Fisher', 14, 'Male', '152 Spruce Avenue', '555-1043', 'landon.fisher@example.com'),
	(67, 'Brooklyn Ortiz', 15, 'Female', '153 Willow Circle', '555-1044', 'brooklyn.ortiz@example.com'),
	(68, 'Julian Torres', 16, 'Male', '154 Pine Lane', '555-1045', 'julian.torres@example.com'),
	(69, 'Nora Peterson', 17, 'Female', '155 Birch Road', '555-1046', 'nora.peterson@example.com'),
	(70, 'Ryan Gray', 18, 'Male', '156 Maple Avenue', '555-1047', 'ryan.gray@example.com'),
	(71, 'Hazel Ramirez', 19, 'Female', '157 Oak Circle', '555-1048', 'hazel.ramirez@example.com'),
	(72, 'Cameron Perry', 20, 'Male', '158 Cedar Street', '555-1049', 'cameron.perry@example.com'),
	(73, 'Paisley Coleman', 21, 'Female', '159 Pine Road', '555-1050', 'paisley.coleman@example.com'),
	(74, 'Hunter Butler', 69, 'Male', '160 Elm Avenue', '555-1051', 'hunter.butler@example.com'),
	(75, 'Nolan Henderson', 70, 'Male', '161 Spruce Circle', '555-1052', 'nolan.henderson@example.com');

-- Dumping structure for table uts.product_category
DROP TABLE IF EXISTS `product_category`;
CREATE TABLE IF NOT EXISTS `product_category` (
  `id` int(11) NOT NULL AUTO_INCREMENT,
  `nameCategory` varchar(30) NOT NULL,
  `datecreated` date DEFAULT NULL,
  PRIMARY KEY (`id`)
) ENGINE=InnoDB AUTO_INCREMENT=71 DEFAULT CHARSET=utf8mb4 COLLATE=utf8mb4_general_ci;

-- Dumping data for table uts.product_category: ~70 rows (approximately)
INSERT INTO `product_category` (`id`, `nameCategory`, `datecreated`) VALUES
	(1, 'Toyota Camry', '2023-09-15'),
	(2, 'Honda Civic', '2023-07-28'),
	(3, 'Ford Mustang', '2023-05-10'),
	(4, 'Chevrolet Cruze', '2023-11-03'),
	(5, 'Nissan Altima', '2023-08-21'),
	(6, 'Hyundai Elantra', '2023-10-30'),
	(7, 'Volkswagen Jetta', '2023-06-17'),
	(8, 'Subaru Outback', '2023-04-12'),
	(9, 'Kia Soul', '2023-12-05'),
	(10, 'Mazda3', '2023-03-08'),
	(11, 'BMW 3 Series', '2023-02-19'),
	(12, 'Audi A4', '2023-01-22'),
	(13, 'Mercedes-Benz C-Class', '2023-07-11'),
	(14, 'Tesla Model 3', '2023-09-29'),
	(15, 'Lexus ES', '2023-10-02'),
	(16, 'Infiniti Q50', '2023-06-08'),
	(17, 'Acura TLX', '2023-08-14'),
	(18, 'Jaguar XE', '2023-11-20'),
	(19, 'Volvo S60', '2023-12-30'),
	(20, 'Toyota Corolla', '2023-04-25'),
	(21, 'Honda Accord', '2023-02-14'),
	(22, 'Ford Fusion', '2023-05-07'),
	(23, 'Chevrolet Malibu', '2023-07-01'),
	(24, 'Nissan Sentra', '2023-10-18'),
	(25, 'Hyundai Sonata', '2023-09-06'),
	(26, 'Volkswagen Golf', '2023-11-29'),
	(27, 'Subaru Legacy', '2023-01-05'),
	(28, 'Kia Optima', '2023-06-26'),
	(29, 'Mazda6', '2023-08-09'),
	(30, 'BMW 5 Series', '2023-12-24'),
	(31, 'Audi A6', '2023-03-11'),
	(32, 'Mercedes-Benz E-Class', '2023-05-19'),
	(33, 'Tesla Model S', '2023-10-10'),
	(34, 'Lexus GS', '2023-02-27'),
	(35, 'Infiniti Q70', '2023-07-04'),
	(36, 'Acura RLX', '2023-09-17'),
	(37, 'Jaguar XF', '2023-11-25'),
	(38, 'Volvo S90', '2023-04-28'),
	(39, 'Toyota Avalon', '2023-06-01'),
	(40, 'Honda Clarity', '2023-01-14'),
	(41, 'Ford Taurus', '2023-08-02'),
	(42, 'Chevrolet Impala', '2023-10-15'),
	(43, 'Nissan Maxima', '2023-12-21'),
	(44, 'Hyundai Azera', '2023-05-26'),
	(45, 'Volkswagen Passat', '2023-03-02'),
	(46, 'Subaru Impreza', '2023-07-22'),
	(47, 'Kia Cadenza', '2023-09-03'),
	(48, 'Mazda MX-5 Miata', '2023-11-28'),
	(49, 'BMW Z4', '2023-02-09'),
	(50, 'Audi TT', '2023-06-13'),
	(51, 'Mercedes-Benz SL', '2023-08-26'),
	(52, 'Tesla Roadster', '2023-12-07'),
	(53, 'Lexus LC', '2023-04-01'),
	(54, 'Infiniti Q60', '2023-01-18'),
	(55, 'Acura NSX', '2023-05-15'),
	(56, 'Jaguar F-Type', '2023-07-30'),
	(57, 'Volvo C70', '2023-10-23'),
	(58, 'Toyota 86', '2023-09-12'),
	(59, 'Honda S2000', '2023-03-19'),
	(60, 'Ford Mustang GT', '2023-11-14'),
	(61, 'Chevrolet Corvett', '2023-02-03'),
	(62, 'Nissan 370Z', '2023-06-06'),
	(63, 'Hyundai Veloster', '2023-08-31'),
	(64, 'Volkswagen Beetle', '2023-12-26'),
	(65, 'Subaru BRZ', '2023-04-09'),
	(66, 'Kia Stinger', '2023-01-26'),
	(67, 'Mazda RX-7', '2023-05-20'),
	(68, 'BMW M3', '2023-07-15'),
	(69, 'Audi RS5', '2023-10-10'),
	(70, 'Mercedes-AMG C63', '2023-09-01');

-- Dumping structure for table uts.product_items
DROP TABLE IF EXISTS `product_items`;
CREATE TABLE IF NOT EXISTS `product_items` (
  `barcode` int(11) NOT NULL DEFAULT 0,
  `nameProduct` varchar(100) DEFAULT NULL,
  `categoryid` int(11) DEFAULT NULL,
  `price` decimal(20,6) DEFAULT NULL,
  `stockamount` int(11) DEFAULT NULL,
  `supplierid` int(11) DEFAULT NULL,
  `dateadded` date NOT NULL DEFAULT current_timestamp(),
  `expireddate` date DEFAULT NULL,
  `count` int(11) DEFAULT NULL,
  PRIMARY KEY (`barcode`),
  KEY `categoryid` (`categoryid`),
  KEY `supplierid` (`supplierid`),
  CONSTRAINT `FK_product items_product category` FOREIGN KEY (`categoryid`) REFERENCES `product_category` (`id`) ON DELETE NO ACTION ON UPDATE NO ACTION,
  CONSTRAINT `FK_product items_supplier` FOREIGN KEY (`supplierid`) REFERENCES `supplier` (`*id`) ON DELETE NO ACTION ON UPDATE NO ACTION
) ENGINE=InnoDB DEFAULT CHARSET=utf8mb4 COLLATE=utf8mb4_general_ci;

-- Dumping data for table uts.product_items: ~66 rows (approximately)
INSERT INTO `product_items` (`barcode`, `nameProduct`, `categoryid`, `price`, `stockamount`, `supplierid`, `dateadded`, `expireddate`, `count`) VALUES
	(1234567800, 'BMW 3 Series', 11, 150000010.000000, 90, 111, '2023-01-11', '2023-06-11', 0),
	(1234567801, 'Audi A4', 12, 150000011.000000, 30, 112, '2023-01-12', '2023-06-12', 0),
	(1234567802, 'Mercedes-Benz C-Class', 13, 150000012.000000, 40, 113, '2023-01-13', '2023-06-13', 0),
	(1234567803, 'Tesla Model 3', 14, 150000013.000000, 500, 114, '2023-01-14', '2023-06-14', 0),
	(1234567804, 'Lexus ES', 15, 150000014.000000, 300, 115, '2023-01-15', '2023-06-15', 0),
	(1234567805, 'Infiniti Q50', 16, 150000015.000000, 200, 116, '2023-01-16', '2023-06-16', 0),
	(1234567806, 'Acura TLX', 17, 150000016.000000, 150, 117, '2023-01-17', '2023-06-17', 0),
	(1234567807, 'Jaguar XE', 18, 150000017.000000, 400, 118, '2023-01-18', '2023-06-18', 0),
	(1234567808, 'Volvo S60', 19, 150000018.000000, 300, 119, '2023-01-19', '2023-06-19', 0),
	(1234567809, 'Toyota Corolla', 20, 150000019.000000, 350, 120, '2023-01-20', '2023-06-20', 0),
	(1234567810, 'Honda Accord', 21, 150000020.000000, 250, 121, '2023-01-21', '2023-06-21', 0),
	(1234567811, 'Ford Fusion', 22, 150000021.000000, 200, 122, '2023-01-22', '2023-06-22', 0),
	(1234567812, 'Chevrolet Malibu', 23, 150000022.000000, 150, 123, '2023-01-23', '2023-06-23', 0),
	(1234567813, 'Nissan Sentra', 24, 150000023.000000, 100, 124, '2023-01-24', '2023-06-24', 0),
	(1234567814, 'Hyundai Sonata', 25, 150000024.000000, 120, 125, '2023-01-25', '2023-06-25', 0),
	(1234567815, 'Volkswagen Golf', 26, 150000025.000000, 80, 126, '2023-01-26', '2023-06-26', 0),
	(1234567816, 'Subaru Legacy', 27, 150000026.000000, 200, 127, '2023-01-27', '2023-06-27', 0),
	(1234567817, 'Kia Optima', 28, 150000027.000000, 300, 128, '2023-01-28', '2023-06-28', 0),
	(1234567818, 'Mazda6', 29, 150000028.000000, 50, 129, '2023-01-29', '2023-06-29', 0),
	(1234567819, 'BMW 5 Series', 30, 150000029.000000, 70, 130, '2023-01-30', '2023-06-30', 0),
	(1234567820, 'Audi A6', 31, 150000030.000000, 30, 131, '2023-01-31', '2023-07-01', 0),
	(1234567821, 'Mercedes-Benz E-Class', 32, 150000031.000000, 40, 132, '2023-02-01', '2023-07-02', 0),
	(1234567822, 'Tesla Model S', 33, 150000032.000000, 50, 133, '2023-02-02', '2023-07-03', 0),
	(1234567823, 'Lexus GS', 34, 150000033.000000, 60, 134, '2023-02-03', '2023-07-04', 0),
	(1234567824, 'Infiniti Q70', 35, 150000034.000000, 150, 135, '2023-02-04', '2023-07-05', 0),
	(1234567825, 'Acura RLX', 36, 150000035.000000, 200, 136, '2023-02-05', '2023-07-06', 0),
	(1234567826, 'Jaguar XF', 37, 150000036.000000, 100, 137, '2023-02-06', '2023-07-07', 0),
	(1234567827, 'Volvo S90', 38, 150000037.000000, 250, 138, '2023-02-07', '2023-07-08', 0),
	(1234567828, 'Toyota Avalon', 39, 150000038.000000, 300, 139, '2023-02-08', '2023-07-09', 0),
	(1234567829, 'Honda Clarity', 40, 150000039.000000, 120, 140, '2023-02-09', '2023-07-10', 0),
	(1234567830, 'Ford Taurus', 41, 150000040.000000, 100, 141, '2023-02-10', '2023-07-11', 0),
	(1234567831, 'Chevrolet Impala', 42, 150000041.000000, 200, 142, '2023-02-11', '2023-07-12', 0),
	(1234567832, 'Nissan Maxima', 43, 150000042.000000, 150, 143, '2023-02-12', '2023-07-13', 0),
	(1234567833, 'Hyundai Azera', 44, 150000043.000000, 100, 144, '2023-02-13', '2023-07-14', 0),
	(1234567834, 'Volkswagen Passat', 45, 150000044.000000, 80, 145, '2023-02-14', '2023-07-15', 0),
	(1234567835, 'Subaru Impreza', 46, 150000045.000000, 60, 146, '2023-02-15', '2023-07-16', 0),
	(1234567836, 'Kia Cadenza', 47, 150000046.000000, 90, 147, '2023-02-16', '2023-07-17', 0),
	(1234567837, 'Mazda MX-5 Miata', 48, 150000047.000000, 70, 148, '2023-02-17', '2023-07-18', 0),
	(1234567838, 'BMW Z4', 49, 150000048.000000, 50, 149, '2023-02-18', '2023-07-19', 0),
	(1234567839, 'Audi TT', 50, 150000049.000000, 200, 150, '2023-02-19', '2023-07-20', 0),
	(1234567840, 'Mercedes-Benz SL', 51, 150000050.000000, 180, 151, '2023-02-20', '2023-07-21', 0),
	(1234567841, 'Tesla Roadster', 52, 150000051.000000, 250, 152, '2023-02-21', '2023-07-22', 0),
	(1234567842, 'Lexus LC', 53, 150000052.000000, 300, 153, '2023-02-22', '2023-07-23', 0),
	(1234567843, 'Infiniti Q60', 54, 150000053.000000, 100, 154, '2023-02-23', '2023-07-24', 0),
	(1234567844, 'Acura NSX', 55, 150000054.000000, 80, 155, '2023-02-24', '2023-07-25', 0),
	(1234567845, 'Jaguar F-Type', 56, 150000055.000000, 90, 156, '2023-02-25', '2023-07-26', 0),
	(1234567846, 'Volvo C70', 57, 150000056.000000, 60, 157, '2023-02-26', '2023-07-27', 0),
	(1234567847, 'Toyota 86', 58, 150000057.000000, 70, 158, '2023-02-27', '2023-07-28', 0),
	(1234567848, 'Honda S2000', 59, 150000058.000000, 150, 159, '2023-02-28', '2023-07-29', 0),
	(1234567849, 'Ford Mustang GT', 60, 150000059.000000, 120, 160, '2023-03-01', '2023-07-30', 0),
	(1234567850, 'Chevrolet Corvett', 61, 150000060.000000, 100, 161, '2023-03-02', '2023-07-31', 0),
	(1234567851, 'Nissan 370Z', 62, 150000061.000000, 200, 162, '2023-03-03', '2023-08-01', 0),
	(1234567852, 'Hyundai Veloster', 63, 150000062.000000, 150, 163, '2023-03-04', '2023-08-02', 0),
	(1234567853, 'Volkswagen Beetle', 64, 150000063.000000, 180, 164, '2023-03-05', '2023-08-03', 0),
	(1234567854, 'Subaru BRZ', 65, 150000064.000000, 200, 165, '2023-03-06', '2023-08-04', 0),
	(1234567855, 'Kia Stinger', 66, 150000065.000000, 150, 166, '2023-03-07', '2023-08-05', 0),
	(1234567890, 'Toyota Camry', 1, 150000000.000000, 100, 101, '2023-01-01', '2023-06-01', 0),
	(1234567891, 'Honda Civic', 2, 150000001.000000, 200, 102, '2023-01-02', '2023-06-02', 0),
	(1234567892, 'Ford Mustang', 3, 150000002.000000, 300, 103, '2023-01-03', '2023-06-03', 0),
	(1234567893, 'Chevrolet Cruze', 4, 150000003.000000, 150, 104, '2023-01-04', '2023-06-04', 0),
	(1234567894, 'Nissan Altima', 5, 150000004.000000, 250, 105, '2023-01-05', '2023-06-05', 0),
	(1234567895, 'Hyundai Elantra', 6, 150000005.000000, 100, 106, '2023-01-06', '2023-06-06', 0),
	(1234567896, 'Volkswagen Jetta', 7, 150000006.000000, 400, 107, '2023-01-07', '2023-06-07', 0),
	(1234567897, 'Subaru Outback', 8, 150000007.000000, 200, 108, '2023-01-08', '2023-06-08', 0),
	(1234567898, 'Kia Soul', 9, 150000008.000000, 50, 109, '2023-01-09', '2023-06-09', 0),
	(1234567899, 'Mazda3', 10, 150000009.000000, 70, 110, '2023-01-10', '2023-06-10', 0);

-- Dumping structure for table uts.promotion
DROP TABLE IF EXISTS `promotion`;
CREATE TABLE IF NOT EXISTS `promotion` (
  `*id` int(11) NOT NULL,
  `name` varchar(30) NOT NULL,
  `product_barcode` int(11) DEFAULT NULL,
  `percentage` decimal(20,6) DEFAULT NULL,
  `description` varchar(15) DEFAULT NULL,
  PRIMARY KEY (`*id`),
  KEY `product_barcode` (`product_barcode`),
  CONSTRAINT `FK_promotion_product items` FOREIGN KEY (`product_barcode`) REFERENCES `product_items` (`barcode`) ON DELETE NO ACTION ON UPDATE NO ACTION
) ENGINE=InnoDB DEFAULT CHARSET=utf8mb4 COLLATE=utf8mb4_general_ci;

-- Dumping data for table uts.promotion: ~50 rows (approximately)
INSERT INTO `promotion` (`*id`, `name`, `product_barcode`, `percentage`, `description`) VALUES
	(1, 'Toyota', 1234567890, 10.000000, 'Special offer: '),
	(2, 'Honda', 1234567891, 15.000000, 'Get 15% discoun'),
	(3, 'BMW', 1234567892, 20.000000, 'Limited time of'),
	(4, 'Mercedes', 1234567893, 25.000000, 'Exclusive deal:'),
	(5, 'Ford', 1234567894, 30.000000, 'Big sale: Enjoy'),
	(6, 'Chevrolet', 1234567895, 10.000000, 'Grab it now! 10'),
	(7, 'Nissan', 1234567896, 15.000000, 'Hurry up! Get 1'),
	(8, 'Audi', 1234567897, 20.000000, 'Amazing offer: '),
	(9, 'Hyundai', 1234567898, 25.000000, 'Special discoun'),
	(10, 'Kia', 1234567899, 30.000000, 'Last chance off'),
	(11, 'Volkswagen', 1234567800, 10.000000, 'Don\'t miss it! '),
	(12, 'Subaru', 1234567801, 15.000000, 'Exciting offer:'),
	(13, 'Volvo', 1234567802, 20.000000, 'Flash sale: 20%'),
	(14, 'Fiat', 1234567803, 25.000000, 'Limited time on'),
	(15, 'Porsche', 1234567804, 30.000000, 'Special promoti'),
	(16, 'Jaguar', 1234567805, 10.000000, 'Great deal: Get'),
	(17, 'Land Rover', 1234567806, 15.000000, 'Big sale: Enjoy'),
	(18, 'Lexus', 1234567807, 20.000000, 'Don\'t wait! 20%'),
	(19, 'Tesla', 1234567808, 25.000000, 'Exclusive offer'),
	(20, 'Maserati', 1234567809, 30.000000, 'Limited offer: '),
	(21, 'Alfa Romeo', 1234567810, 10.000000, 'Special discoun'),
	(22, 'McLaren', 1234567811, 15.000000, 'Grab the deal! '),
	(23, 'Bugatti', 1234567812, 20.000000, 'Hurry! 20% off '),
	(24, 'Rolls-Royce', 1234567813, 25.000000, 'Limited time of'),
	(25, 'Bentley', 1234567814, 30.000000, 'Amazing offer: '),
	(26, 'Aston Martin', 1234567815, 10.000000, 'Flash sale: 10%'),
	(27, 'Mini', 1234567816, 15.000000, 'Special offer: '),
	(28, 'Smart', 1234567817, 20.000000, 'Big discount: E'),
	(29, 'Buick', 1234567818, 25.000000, 'Limited offer: '),
	(30, 'Cadillac', 1234567819, 30.000000, 'Don\'t miss out!'),
	(31, 'Infiniti', 1234567820, 10.000000, 'Exclusive deal:'),
	(32, 'Acura', 1234567821, 15.000000, 'Limited time on'),
	(33, 'Ram', 1234567822, 20.000000, 'Exciting offer:'),
	(34, 'GMC', 1234567823, 25.000000, 'Flash sale: Get'),
	(35, 'Lincoln', 1234567824, 30.000000, 'Special promoti'),
	(36, 'Chrysler', 1234567825, 10.000000, 'Great deal: Enj'),
	(37, 'Dodge', 1234567826, 15.000000, 'Big sale: 15% o'),
	(38, 'Jeep', 1234567827, 20.000000, 'Don\'t wait! Get'),
	(39, 'Landwind', 1234567828, 25.000000, 'Exclusive offer'),
	(40, 'Zotye', 1234567829, 30.000000, 'Limited offer: '),
	(41, 'BYD', 1234567830, 10.000000, 'Special discoun'),
	(42, 'Geely', 1234567831, 15.000000, 'Grab the deal! '),
	(43, 'Changan', 1234567832, 20.000000, 'Hurry! 20% off '),
	(44, 'Great Wall', 1234567833, 25.000000, 'Limited time of'),
	(45, 'JAC', 1234567834, 30.000000, 'Amazing offer: '),
	(46, 'Haval', 1234567835, 10.000000, 'Flash sale: 10%'),
	(47, 'Wuling', 1234567836, 15.000000, 'Special offer: '),
	(48, 'Dongfeng', 1234567837, 20.000000, 'Big discount: E'),
	(49, 'FAW', 1234567838, 25.000000, 'Limited offer: '),
	(50, 'SAIC', 1234567839, 30.000000, 'Don\'t miss out!');

-- Dumping structure for table uts.purchase
DROP TABLE IF EXISTS `purchase`;
CREATE TABLE IF NOT EXISTS `purchase` (
  `id` int(11) NOT NULL AUTO_INCREMENT,
  `cashierid` int(11) NOT NULL,
  `orderDate` date NOT NULL,
  `time` time NOT NULL,
  `product_barcode` int(11) NOT NULL DEFAULT 0,
  `quantity` int(11) NOT NULL,
  `totalamount` decimal(20,6) NOT NULL,
  PRIMARY KEY (`id`),
  KEY `cashierid` (`cashierid`),
  KEY `product_barcode` (`product_barcode`),
  CONSTRAINT `FK_purchase_cashier` FOREIGN KEY (`cashierid`) REFERENCES `cashier` (`*id`) ON DELETE NO ACTION ON UPDATE NO ACTION,
  CONSTRAINT `FK_purchase_product items` FOREIGN KEY (`product_barcode`) REFERENCES `product_items` (`barcode`) ON DELETE NO ACTION ON UPDATE NO ACTION
) ENGINE=InnoDB AUTO_INCREMENT=67 DEFAULT CHARSET=utf8mb4 COLLATE=utf8mb4_general_ci;

-- Dumping data for table uts.purchase: ~66 rows (approximately)
INSERT INTO `purchase` (`id`, `cashierid`, `orderDate`, `time`, `product_barcode`, `quantity`, `totalamount`) VALUES
	(1, 1, '2023-01-01', '00:00:00', 1234567890, 1, 150000000.000000),
	(2, 2, '2023-01-02', '00:00:01', 1234567891, 1, 150000001.000000),
	(3, 3, '2023-01-03', '00:00:02', 1234567892, 1, 150000002.000000),
	(4, 4, '2023-01-04', '00:00:03', 1234567893, 1, 150000003.000000),
	(5, 5, '2023-01-05', '00:00:04', 1234567894, 1, 150000004.000000),
	(6, 6, '2023-01-06', '00:00:05', 1234567895, 1, 150000005.000000),
	(7, 7, '2023-01-07', '00:00:06', 1234567896, 1, 150000006.000000),
	(8, 8, '2023-01-08', '00:00:07', 1234567897, 1, 150000007.000000),
	(9, 9, '2023-01-09', '00:00:08', 1234567898, 1, 150000008.000000),
	(10, 10, '2023-01-10', '00:00:09', 1234567899, 1, 150000009.000000),
	(11, 11, '2023-01-11', '00:00:10', 1234567800, 1, 150000010.000000),
	(12, 12, '2023-01-12', '00:00:11', 1234567801, 1, 150000011.000000),
	(13, 13, '2023-01-13', '00:00:12', 1234567802, 1, 150000012.000000),
	(14, 14, '2023-01-14', '00:00:13', 1234567803, 1, 150000013.000000),
	(15, 15, '2023-01-15', '00:00:14', 1234567804, 1, 150000014.000000),
	(16, 16, '2023-01-16', '00:00:15', 1234567805, 1, 150000015.000000),
	(17, 17, '2023-01-17', '00:00:16', 1234567806, 1, 150000016.000000),
	(18, 18, '2023-01-18', '00:00:17', 1234567807, 1, 150000017.000000),
	(19, 19, '2023-01-19', '00:00:18', 1234567808, 1, 150000018.000000),
	(20, 20, '2023-01-20', '00:00:19', 1234567809, 1, 150000019.000000),
	(21, 21, '2023-01-21', '00:00:20', 1234567810, 1, 150000020.000000),
	(22, 22, '2023-01-22', '00:00:21', 1234567811, 1, 150000021.000000),
	(23, 23, '2023-01-23', '00:00:22', 1234567812, 1, 150000022.000000),
	(24, 24, '2023-01-24', '00:00:23', 1234567813, 1, 150000023.000000),
	(25, 25, '2023-01-25', '00:00:00', 1234567814, 1, 150000024.000000),
	(26, 26, '2023-01-26', '00:00:01', 1234567815, 1, 150000025.000000),
	(27, 27, '2023-01-27', '00:00:02', 1234567816, 1, 150000026.000000),
	(28, 28, '2023-01-28', '00:00:03', 1234567817, 1, 150000027.000000),
	(29, 29, '2023-01-29', '00:00:04', 1234567818, 1, 150000028.000000),
	(30, 30, '2023-01-30', '00:00:05', 1234567819, 1, 150000029.000000),
	(31, 31, '2023-01-31', '00:00:06', 1234567820, 1, 150000030.000000),
	(32, 32, '2023-02-01', '00:00:07', 1234567821, 1, 150000031.000000),
	(33, 33, '2023-02-02', '00:00:08', 1234567822, 1, 150000032.000000),
	(34, 34, '2023-02-03', '00:00:09', 1234567823, 1, 150000033.000000),
	(35, 35, '2023-02-04', '00:00:10', 1234567824, 1, 150000034.000000),
	(36, 36, '2023-02-05', '00:00:11', 1234567825, 1, 150000035.000000),
	(37, 37, '2023-02-06', '00:00:12', 1234567826, 1, 150000036.000000),
	(38, 38, '2023-02-07', '00:00:13', 1234567827, 1, 150000037.000000),
	(39, 39, '2023-02-08', '00:00:14', 1234567828, 1, 150000038.000000),
	(40, 40, '2023-02-09', '00:00:15', 1234567829, 1, 150000039.000000),
	(41, 41, '2023-02-10', '00:00:16', 1234567830, 1, 150000040.000000),
	(42, 42, '2023-02-11', '00:00:17', 1234567831, 1, 150000041.000000),
	(43, 43, '2023-02-12', '00:00:18', 1234567832, 1, 150000042.000000),
	(44, 44, '2023-02-13', '00:00:19', 1234567833, 1, 150000043.000000),
	(45, 45, '2023-02-14', '00:00:20', 1234567834, 1, 150000044.000000),
	(46, 46, '2023-02-15', '00:00:21', 1234567835, 1, 150000045.000000),
	(47, 47, '2023-02-16', '00:00:22', 1234567836, 1, 150000046.000000),
	(48, 48, '2023-02-17', '00:00:23', 1234567837, 1, 150000047.000000),
	(49, 49, '2023-02-18', '00:00:00', 1234567838, 1, 150000048.000000),
	(50, 50, '2023-02-19', '00:00:01', 1234567839, 1, 150000049.000000),
	(51, 51, '2023-02-20', '00:00:02', 1234567840, 1, 150000050.000000),
	(52, 52, '2023-02-21', '00:00:03', 1234567841, 1, 150000051.000000),
	(53, 53, '2023-02-22', '00:00:04', 1234567842, 1, 150000052.000000),
	(54, 54, '2023-02-23', '00:00:05', 1234567843, 1, 150000053.000000),
	(55, 55, '2023-02-24', '00:00:06', 1234567844, 1, 150000054.000000),
	(56, 56, '2023-02-25', '00:00:07', 1234567845, 1, 150000055.000000),
	(57, 57, '2023-02-26', '00:00:08', 1234567846, 1, 150000056.000000),
	(58, 58, '2023-02-27', '00:00:09', 1234567847, 1, 150000057.000000),
	(59, 59, '2023-02-28', '00:00:10', 1234567848, 1, 150000058.000000),
	(60, 60, '2023-03-01', '00:00:11', 1234567849, 1, 150000059.000000),
	(61, 61, '2023-03-02', '00:00:12', 1234567850, 1, 150000060.000000),
	(62, 62, '2023-03-03', '00:00:13', 1234567851, 1, 150000061.000000),
	(63, 63, '2023-03-04', '00:00:14', 1234567852, 1, 150000062.000000),
	(64, 64, '2023-03-05', '00:00:15', 1234567853, 1, 150000063.000000),
	(65, 65, '2023-03-06', '00:00:16', 1234567854, 1, 150000064.000000),
	(66, 66, '2023-03-07', '00:00:17', 1234567855, 1, 150000065.000000);

-- Dumping structure for table uts.supplier
DROP TABLE IF EXISTS `supplier`;
CREATE TABLE IF NOT EXISTS `supplier` (
  `*id` int(11) NOT NULL AUTO_INCREMENT,
  `name` varchar(30) NOT NULL,
  `lastdatesupplied` varchar(20) NOT NULL,
  PRIMARY KEY (`*id`)
) ENGINE=InnoDB AUTO_INCREMENT=167 DEFAULT CHARSET=utf8mb4 COLLATE=utf8mb4_general_ci;

-- Dumping data for table uts.supplier: ~75 rows (approximately)
INSERT INTO `supplier` (`*id`, `name`, `lastdatesupplied`) VALUES
	(67, 'Supplier OOO', '2028-01-08'),
	(68, 'Supplier PPP', '2028-02-04'),
	(69, 'Supplier QQQ', '2028-03-02'),
	(70, 'Supplier RRR', '2028-03-29'),
	(71, 'Supplier SSS', '2028-04-25'),
	(72, 'Supplier TTT', '2028-05-22'),
	(73, 'Supplier UUU', '2028-06-18'),
	(74, 'Supplier VVV', '2028-07-15'),
	(75, 'Supplier WWW', '2028-08-11'),
	(101, 'Supplier A', '2023-01-15'),
	(102, 'Supplier B', '2023-02-12'),
	(103, 'Supplier C', '2023-03-10'),
	(104, 'Supplier D', '2023-04-08'),
	(105, 'Supplier E', '2023-05-05'),
	(106, 'Supplier F', '2023-06-02'),
	(107, 'Supplier G', '2023-07-29'),
	(108, 'Supplier H', '2023-08-25'),
	(109, 'Supplier I', '2023-09-22'),
	(110, 'Supplier J', '2023-10-19'),
	(111, 'Supplier K', '2023-11-16'),
	(112, 'Supplier L', '2023-12-13'),
	(113, 'Supplier M', '2024-01-09'),
	(114, 'Supplier N', '2024-02-06'),
	(115, 'Supplier O', '2024-03-05'),
	(116, 'Supplier P', '2024-04-01'),
	(117, 'Supplier Q', '2024-04-28'),
	(118, 'Supplier R', '2024-05-25'),
	(119, 'Supplier S', '2024-06-21'),
	(120, 'Supplier T', '2024-07-18'),
	(121, 'Supplier U', '2024-08-14'),
	(122, 'Supplier V', '2024-09-10'),
	(123, 'Supplier W', '2024-10-07'),
	(124, 'Supplier X', '2024-11-03'),
	(125, 'Supplier Y', '2024-11-30'),
	(126, 'Supplier Z', '2024-12-27'),
	(127, 'Supplier AA', '2025-01-23'),
	(128, 'Supplier BB', '2025-02-19'),
	(129, 'Supplier CC', '2025-03-18'),
	(130, 'Supplier DD', '2025-04-14'),
	(131, 'Supplier EE', '2025-05-11'),
	(132, 'Supplier FF', '2025-06-07'),
	(133, 'Supplier GG', '2025-07-04'),
	(134, 'Supplier HH', '2025-07-31'),
	(135, 'Supplier II', '2025-08-27'),
	(136, 'Supplier JJ', '2025-09-23'),
	(137, 'Supplier KK', '2025-10-20'),
	(138, 'Supplier LL', '2025-11-16'),
	(139, 'Supplier MM', '2025-12-13'),
	(140, 'Supplier NN', '2026-01-09'),
	(141, 'Supplier OO', '2026-02-05'),
	(142, 'Supplier PP', '2026-03-04'),
	(143, 'Supplier QQ', '2026-03-31'),
	(144, 'Supplier RR', '2026-04-27'),
	(145, 'Supplier SS', '2026-05-24'),
	(146, 'Supplier TT', '2026-06-20'),
	(147, 'Supplier UU', '2026-07-17'),
	(148, 'Supplier VV', '2026-08-13'),
	(149, 'Supplier WW', '2026-09-09'),
	(150, 'Supplier XX', '2026-10-06'),
	(151, 'Supplier YY', '2026-11-02'),
	(152, 'Supplier ZZ', '2026-11-29'),
	(153, 'Supplier AAA', '2026-12-26'),
	(154, 'Supplier BBB', '2027-01-22'),
	(155, 'Supplier CCC', '2027-02-18'),
	(156, 'Supplier DDD', '2027-03-17'),
	(157, 'Supplier EEE', '2027-04-13'),
	(158, 'Supplier FFF', '2027-05-10'),
	(159, 'Supplier GGG', '2027-06-06'),
	(160, 'Supplier HHH', '2027-07-03'),
	(161, 'Supplier III', '2027-07-30'),
	(162, 'Supplier JJJ', '2027-08-26'),
	(163, 'Supplier KKK', '2027-09-22'),
	(164, 'Supplier LLL', '2027-10-19'),
	(165, 'Supplier MMM', '2027-11-15'),
	(166, 'Supplier NNN', '2027-12-12');

-- Dumping structure for table uts.transaction
DROP TABLE IF EXISTS `transaction`;
CREATE TABLE IF NOT EXISTS `transaction` (
  `*id` int(11) NOT NULL,
  `cashierid` int(11) NOT NULL,
  `cardid` int(11) NOT NULL,
  `purchaseid` varchar(30) NOT NULL,
  `amount` int(11) NOT NULL DEFAULT 0,
  PRIMARY KEY (`*id`),
  KEY `FK_transaction_card` (`cardid`),
  KEY `FK_transaction_cashier` (`cashierid`),
  CONSTRAINT `FK_transaction_card` FOREIGN KEY (`cardid`) REFERENCES `card` (`*cardnumber`) ON DELETE NO ACTION ON UPDATE NO ACTION,
  CONSTRAINT `FK_transaction_cashier` FOREIGN KEY (`cashierid`) REFERENCES `cashier` (`*id`) ON DELETE NO ACTION ON UPDATE NO ACTION
) ENGINE=InnoDB DEFAULT CHARSET=utf8mb4 COLLATE=utf8mb4_general_ci;

-- Dumping data for table uts.transaction: ~53 rows (approximately)
INSERT INTO `transaction` (`*id`, `cashierid`, `cardid`, `purchaseid`, `amount`) VALUES
	(1, 1, 100000001, '1', 150000000),
	(2, 2, 100000002, '2', 150000001),
	(3, 3, 100000003, '3', 150000002),
	(4, 4, 100000004, '4', 150000003),
	(5, 5, 100000005, '5', 150000004),
	(6, 6, 100000006, '6', 150000005),
	(7, 7, 100000007, '7', 150000006),
	(8, 8, 100000008, '8', 150000007),
	(9, 9, 100000009, '9', 150000008),
	(10, 10, 100000010, '10', 150000009),
	(11, 11, 100000011, '11', 150000010),
	(12, 12, 100000012, '12', 150000011),
	(13, 13, 100000013, '13', 150000012),
	(14, 14, 100000014, '14', 150000013),
	(15, 15, 100000015, '15', 150000014),
	(16, 16, 100000016, '16', 150000015),
	(17, 17, 100000017, '17', 150000016),
	(18, 18, 100000018, '18', 150000017),
	(19, 19, 100000019, '19', 150000018),
	(20, 20, 100000020, '20', 150000019),
	(21, 21, 100000021, '21', 150000020),
	(22, 22, 100000022, '22', 150000021),
	(23, 23, 100000023, '23', 150000022),
	(24, 24, 100000024, '24', 150000023),
	(25, 25, 100000025, '25', 150000024),
	(26, 26, 100000026, '26', 150000025),
	(27, 27, 100000027, '27', 150000026),
	(28, 28, 100000028, '28', 150000027),
	(29, 29, 100000029, '29', 150000028),
	(30, 30, 100000030, '30', 150000029),
	(31, 31, 100000031, '31', 150000030),
	(32, 32, 100000032, '32', 150000031),
	(33, 33, 100000033, '33', 150000032),
	(34, 34, 100000034, '34', 150000033),
	(35, 35, 100000035, '35', 150000034),
	(36, 36, 100000036, '36', 150000035),
	(37, 37, 100000037, '37', 150000036),
	(38, 38, 100000038, '38', 150000037),
	(39, 39, 100000039, '39', 150000038),
	(40, 40, 100000040, '40', 150000039),
	(41, 41, 100000041, '41', 150000040),
	(42, 42, 100000042, '42', 150000041),
	(43, 43, 100000043, '43', 150000042),
	(44, 44, 100000044, '44', 150000043),
	(45, 45, 100000045, '45', 150000044),
	(46, 46, 100000046, '46', 150000045),
	(47, 47, 100000047, '47', 150000046),
	(48, 48, 100000048, '48', 150000047),
	(49, 49, 100000049, '49', 150000048),
	(50, 50, 100000050, '50', 150000049),
	(51, 51, 100000051, '51', 150000050),
	(52, 52, 100000052, '52', 150000051),
	(53, 53, 100000053, '53', 150000052);

/*!40103 SET TIME_ZONE=IFNULL(@OLD_TIME_ZONE, 'system') */;
/*!40101 SET SQL_MODE=IFNULL(@OLD_SQL_MODE, '') */;
/*!40014 SET FOREIGN_KEY_CHECKS=IFNULL(@OLD_FOREIGN_KEY_CHECKS, 1) */;
/*!40101 SET CHARACTER_SET_CLIENT=@OLD_CHARACTER_SET_CLIENT */;
/*!40111 SET SQL_NOTES=IFNULL(@OLD_SQL_NOTES, 1) */;
